<?xml version="1.0" encoding="utf-8" standalone="yes"?>
<rss version="2.0" xmlns:atom="http://www.w3.org/2005/Atom">
  <channel>
    <title>Categories on Komsorn</title>
    <link>https://easy.egati.co.th/tarblog/categories/</link>
    <description>Recent content in Categories on Komsorn</description>
    <generator>Hugo -- gohugo.io</generator>
    <language>en</language><atom:link href="https://easy.egati.co.th/tarblog/categories/index.xml" rel="self" type="application/rss+xml" />
  </channel>
</rss>
